Unnamed: 0.1,Unnamed: 0,row ID,smiles,row m/z,match_id,match_smiles,mps0,pp0,pair_similarity0,mps1,pp1,pair_similarity1,mps2,pp2,pair_similarity2,tanimoto,pair_similarity,mps,pp,mps_pp,mcs,max_pp,max_mps
6878,6878,52,COC1C=C2C(C(C3C(O)=C4C(OC5C4CCO5)=CC=3C2=O)=O)=C(OC)C=1,369.0978088,CNP0028661,O=C(OCC)COC1=CC=C2C(=O)C(OC2=C1)=CC3=CC=C4OCOC4=C3,6.0,0.125,0.74209023,12.0,0.25,0.506626124,10.0,0.208333333,0.044456883,0.160919540229885,0.74209023,6.0,0.125,6.0,0.3555555555555555,0.74209023,6.0
12695,12695,81,CCC(CC1C(OC)=CC(=O)OC=1C)O,213.112381,CNP0312582,O=C1OC(C(=O)OC)(C)C(C)CC1=CC,11.0,0.161764706,0.714413537,18.0,0.264705882,0.611023902,19.0,0.279411765,0.237507072,0.135593220338983,0.714413537,11.0,0.161764706,11.0,0.5789473684210527,0.714413537,11.0
