Unnamed: 0,row ID,smiles,row m/z,match_id,match_smiles,mps0,pp0,pair_similarity0,mps1,pp1,pair_similarity1,mps2,pp2,pair_similarity2,max_sim,max_mps,mcs
6878,52,COC1C=C2C(C(C3C(O)=C4C(OC5C4CCO5)=CC=3C2=O)=O)=C(OC)C=1,369.0978088,CNP0028661,O=C(OCC)COC1=CC=C2C(=O)C(OC2=C1)=CC3=CC=C4OCOC4=C3,6.0,0.125,0.74209023,12.0,0.25,0.506626124,10.0,0.208333333,0.044456883,0.74209023,6.0,0.35555555555555557
11565,71,O=C1C=C[C@@]2(CC[C@@]([C@@]3(C(O[C@H](C)[C@@]34C(O5)=O)=O)C([C@@]5(C)[C@H]6O)=C)(C)[C@]6(O4)C2=C)C(C)(C)O1,457.1876831,CNP0393575,OC1OC(C)C(O)C(OC2OC(C)C(O)C(OC3OC(C)C(O)C(O)C3O)C2O)C1O,5.0,0.024154589,0.656666587,4.0,0.019323671,0.14157166,16.0,0.077294686,0.399421174,0.656666587,5.0,0.5777777777777777
12216,77,CCCCC1C(OC)=CC(=O)OC=1C,197.1167603,CNP0002785,O=C(OCCCCCC)C=1OC=CC1,9.0,0.134328358,0.673169062,7.0,0.104477612,0.252712843,6.0,0.089552239,0.383070643,0.673169062,9.0,0.75
12502,79,CCCCC1C(OC)=CC(=O)OC=1CO,213.1111908,CNP0312582,O=C1OC(C(=O)OC)(C)C(C)CC1=CC,10.0,0.125,0.622737583,18.0,0.225,0.667508739,19.0,0.2375,0.392955854,0.667508739,18.0,0.5789473684210527
12695,81,CCC(CC1C(OC)=CC(=O)OC=1C)O,213.112381,CNP0312582,O=C1OC(C(=O)OC)(C)C(C)CC1=CC,11.0,0.161764706,0.714413537,18.0,0.264705882,0.611023902,19.0,0.279411765,0.237507072,0.714413537,11.0,0.5789473684210527
12943,83,CCCC(C1C(OC)=CC(=O)OC=1C)O,213.1116333,CNP0086993,O=C(O)C=C(C=C(C)CC(C(=O)O)C)C,17.0,0.242857143,0.633309194,15.0,0.214285714,0.392700171,11.0,0.157142857,0.277331903,0.633309194,17.0,0.3181818181818182
14375,86,[C@]([H])12[C@@](C)(C)CCC[C@]1(C)[C@@H](CO)C(C)=CC2=O,237.1847382,CNP0296913,O=C(OCC(=CCCC(=C)C=C)C)CC(C)C,14.0,0.225806452,0.695628385,17.0,0.274193548,0.45646676,15.0,0.241935484,0.358167994,0.695628385,14.0,0.4782608695652174
16264,94,COC(=O)C12OC3C(C(=O)C1=C(O)CC(C)C2O)=C(O)C(C1C=CC2OC4(C(O)C(C)CC(O)=C4C(=O)C=2C=1O)C(=O)OC)=CC=3,639.1755371,CMNPD26284,c12c(O[C@]3(C(OC)=O)C(=C(O)C[C@H](C)[C@H]3O)C1=O)ccc(c4c(O)c(C(=O)C[C@@](C(=O)OC)([C@@]5([H])[C@@H](C)CC(=O)O5)O6)c6cc4)c2O,6.0,0.162162162,0.611400146,5.0,0.135135135,0.336785703,7.0,0.189189189,0.247386734,0.611400146,6.0,0.9245283018867925
